genoviasprincesses,NN,VBD,NNS
TheWestMinsterUnionistRoadShow,DT,NN,NN,NN
TheWestWillTakeOverChina,DT,NN,MD,VB,RP,NN
TheWesternConference,DT,NN,NN
gentelemenpreferplastic,NN,VBN,NN,NN
TheWesternSenators,DT,NN,NNS
gentequenosabedefutbol,NN,NN,DT,NN,IN,NN
TheWesternWhiteHouse,DT,NN,NN
TheWestsideExperience,DT,NN,NN,NN
gentlemenscoffeetime,NNS,VBP,NN
TheWheelOfFortune,DT,NN,IN,NN
TheWheelchairPresident,DT,NN,NN
genuinefootballopinion,NN,NN,NN
TheWhiteWolfProphecy's,DT,NN,NN,NNS
geoengineeredweather,NN,VBD,NN
geographiclychallenged,JJ,RB,JJ
TheWholeWorld2015,DT,JJ,NN,CD
geographyisdifficult,NN,VBZ,JJ
geographyisimportant,NN,VBZ,JJ
geometryfor8yearolds,NN,IN,CD,NN,NNS
TheWifeAlwaysWins,DT,NN,RB,VBZ
geordiesarethefriendliest,NNS,VBP,DT,JJS
TheWildHairExperience!,DT,NN,NN,NN
george50shades,NN,CD,NNS
TheWillToWin,,DT,MD,TO,VB
georgeforpriminister,NN,IN,NN,NN
TheWindOfChange,DT,NN,IN,NN
georgiachampionshipwrestling,NN,NN,VBG
TheWinnerKeepsCalm,DT,NN,VBZ,NN
georgiastatejokes,NN,NN,VBZ
georgiaweathersucks,NN,NN,NNS
TheWinningEdgdeConference”,DT,NN,NN,IN,NN
TheWinningTeamValues,DT,NN,NN,NNS
geriatricCareHealth,JJ,NN,NN
TheWinterStruggleIsReal,DT,NN,NN,VBZ,JJ
germanboysarebetter,NN,NNS,VBP,RBR
germanbreadrealbread,NN,VBD,JJ,NN
germanchoclateisthebest,NN,NN,VBZ,DT,JJS
TheWisdomOfChildren,DT,NN,IN,NNS
germanrefereeingsucks,NN,VBG,NNS
TheWisdomofTheSimpsons,DT,NN,IN,DT,NNS
germanysnextsuperstar,NN,NNS,JJ,NN
germanywantsmcbusted,NN,VBZ,NN,VBN
TheWolverineState,DT,NN,NN
TheWomanIsAlwaysRight,DT,NN,VBZ,RB,RB
TheWomanIsntAlwaysRight,DT,NN,NN,RB,RB
TheWomanOfMensDreams,DT,NN,IN,NNS,NNS
TheWomanOfTheYear,DT,NN,IN,DT,NN
TheWomanThatIsHerOwnMan,DT,NN,IN,VBZ,PRP$,JJ,NN
TheWonderList!,DT,NN,NN
TheWonderOfScripture,DT,NN,IN,NN
TheWonderOfSocialMedia,DT,NN,IN,JJ,NNS
TheWonderfulWorldofTV,DT,JJ,NN,IN,NN
TheWondersofLivingAlone”,DT,NNS,IN,VBG,RB
TheWoodSideOfTheThings,DT,NN,IN,DT,NNS
TheWordICouldntKeep,DT,NN,PRP,VBP,VB
TheWorld'sTallestMan,DT,NNS,VBP,NN
TheWorldAgainstChelsea,DT,NN,IN,NN
TheWorldAgainstOhio,DT,NN,IN,NN
TheWorldBeforeTheWeb,DT,NN,IN,DT,NN
TheWorldBeforeUs!,DT,NN,IN,PRP
TheWorldCanChange,DT,NN,MD,VB
TheWorldDemandsToKnow,DT,NN,NNS,TO,VB
TheWorldDoesntRevolveAroundFootball,DT,NN,NN,VB,IN,NN
TheWorldIsAFamily,DT,NN,VBZ,DT,NN
TheWorldIsAPrettyFunnyPlace!,DT,NN,VBZ,DT,RB,JJ,NN
getYourQuestionsAnswered,NN,PRP$,NNS,VBD
getabettermanager,NN,DT,JJR,NN
getabettervocabulary,NN,DT,JJR,JJ
getabetterwatch,NN,DT,JJR,NN
TheWorldIsProbablyEndingSoon”,DT,NN,VBZ,RB,VBG,RB
TheWorldIsRight,DT,NN,VBZ,RB
TheWorldIsScaryandAwful,DT,NN,VBZ,JJ,CC,JJ
TheWorldMustUnite,DT,NN,MD,VB
TheWorldNeedsLove,DT,NN,VBZ,NN
TheWorldOfAliando.,DT,NN,IN,JJ,VBP
TheWorldRespectsJustinBieber”we,DT,NN,VBZ,NN,NN,PRP
TheWorldThisWeek,DT,NN,DT,NN
TheWorldWillUnite,DT,NN,MD,VB
TheWorldofLittleHouse,DT,NN,IN,JJ,NN
TheWorldsAColdPlace,DT,NNS,DT,NN,NN
TheWorldsBestCandles,,DT,NNS,JJS,NNS
TheWorldsGoneMad”,DT,NNS,VBP,JJ
TheWorldsPrettiestDog,DT,NNS,VBP,NN
TheWorldsSafestAirline,DT,NNS,VBP,NN
TheWorldsSecondBestLibertarian,DT,NNS,JJ,JJS,JJ
TheWorldsUgliestUniforms,DT,NNS,VBP,NNS
TheWorldwideFollower,DT,NN,NN
TheWorseGameRefereeEver,DT,NN,NN,NN,RB
TheWorstCommentatorEVER,DT,JJS,NN,RB
TheWorstConversationStarter,DT,JJS,NN,NN
TheWorstFourWords,DT,JJS,CD,NNS
TheWorstKindOfTorture,DT,JJS,NN,IN,NN
TheWrathOfBortles,DT,NN,IN,NN,NNS
TheWrathOfCowherd,DT,NN,IN,NN
TheWussieficationOfAmerica,DT,NN,NN,NN,IN,NN
TheYearOfGrownHyuk,DT,NN,IN,NN,NN
TheYearOfTheNGO,DT,NN,IN,DT,NN
TheYoungCreativeAwards,DT,JJ,JJ,NNS
TheYoungProgrammers,DT,JJ,NNS
TheYoungScrewThemselves,DT,JJ,NN,PRP
TheYouthAreMisguided,DT,NN,VBP,VBN
TheZeitgeistMovement:,DT,NN,NN
TheZenMasterEffect,DT,VBN,NN,NN
The_End_of_The_World!,DT,NN,IN,DT,NN
The_Pride_London!!,DT,NN,NN
The_phantom_will_be_released.,DT,NN,MD,VB,VBN
TheamaingBruceWills,DT,NN,DT,NN,NN,NNS
getintonursing,NN,IN,NN
TheaterShootingTrial,NN,VBG,NN
TheatreAtItsBest,NN,IN,PRP$,JJS
TheatreOfNighmltmares,NN,IN,JJ,NN,NNS
TheatreOfTheAbsurd”,NN,IN,DT,NN
TheatrePeepsAreTheBest,NN,NNS,VBP,DT,JJS
TheatreStudiesIsNice,NN,NNS,VBZ,JJ
ThebBestDefenseIsAGoodOffense,DT,NN,JJS,NN,VBZ,DT,JJ,NN
Thebatmanofthebeerworld,DT,NN,IN,DT,NN,NN
ThebellsofNotreDame,DT,NNS,IN,JJ,NN
Thebestmanintheworld,DT,JJS,NN,IN,DT,NN
Thebestmovieofyear,DT,JJS,NN,IN,NN
ThebestofSJLeader,DT,JJS,IN,NN,NN
Thebestteamever,DT,JJS,NN,RB
Thebestthingever,DT,JJS,NN,RB
Thebestyoutuber,DT,JJS,PRP,JJR
Theblacklistrocks,DT,NN,NNS
TheboltCricketchampionship.,.,.,,DT,NN,NN,NN
ThebombsAreDropping,DT,NNS,VBP,VBG
Thechocolatepromise,DT,NN,NN
Thecitythatneversleeps,DT,NN,IN,RB,VBZ
Thecrazybrownmen,DT,NN,NN,NNS
ThecurseofHypocricy,DT,NN,IN,NN
Thedaysofchildhood,DT,NNS,IN,NN
ThedevilisaLie,DT,NN,VBZ,DT,NN
TheendoftheWorld,DT,NN,IN,DT,NN
getoutofmaface,NN,IN,IN,NN,NN
ThefutureIsBright,DT,NN,VBZ,JJ
Thegirlcantsayiloveyou,DT,NN,NN,VB,PRP,VBP,PRP
Thegirlfromfrance,DT,NN,IN,NN
Thegreatbattleoftheskinnys,DT,JJ,NN,IN,DT,JJ,NNS
Thegreatdepression,DT,JJ,NN
TheguysattheBBMAS,DT,NNS,IN,DT,NN,IN
Their15minoffameisover..,PRP$,JJ,IN,NN,VBZ,IN
Thejoysofparenting,DT,NNS,IN,VBG
Thekidscanplay???,DT,NNS,MD,VB
Thekidsneedyou.,DT,NNS,VBP,PRP
Thelittlejoysoflife,DT,JJ,NNS,IN,NN
Thelittlethings”,DT,JJ,NNS
ThemFriesTho,PRP,VBZ,RB
gettingmypraiseon,VBG,PRP$,NN,IN
gettingwantiwant,VBG,VBP,PRP,VBP
Themasterofwisdom,DT,NN,IN,NN
Themasteryoflove,DT,NN,IN,NN
Themomentyoursarcasmsucks,DT,NN,PRP$,NN,NNS
ThemostbeautifulPrince,DT,RBS,JJ,NN
getusdrinks,NN,PRP,VBZ
getusedtoseeingthis,NN,VBN,TO,NN,DT
ThenVsNow..........,DT,NN,NN
getyourdreamstogether,NN,PRP$,NNS,RB
getyoureyescheckedppl,NN,PRP$,NNS,VBD,NN
Thepoliticsofenvy,DT,NNS,IN,JJ
Thepowerofprayer.,DT,NN,IN,NN
giftshopineverynationalpark,NN,NN,IN,DT,JJ,NN
giftthatlastsforever,NN,IN,NNS,IN,RB
gifttosaybye,NN,TO,VB,NN
gilletteSoccerSaturday,NN,NN,NN
Theromanticrepertoire,DT,JJ,NN
TheseRappersGarbageSnoop,DT,NNS,VBP,NN
Thesecretlifeofanamericanteenager,DT,NN,NN,IN,DT,JJ,NN
ThesherrifofBaghdad,DT,NN,IN,NN
